path,id,full_report,lung,airway,mediastinum,heart,musculoskeletal,abdomen,structured_report
/workspace/5.Lung/MedRegion-CT-Public/dataset/sample_dataset/train_fixed/train_10003/train_10003_a/train_10003_a_1.nii.gz,train_10003_a_1.nii.gz,The thickness of these pleural effusions reaches 1.5 cm on the right and 2 cm on the left. A small amount of newly developing pleural effusion is observed in the posterobasal sections of both lungs. Evaluation of solid organs and vascular structures is suboptimal because the examination is non-contrast. Other findings are stable when evaluated in conjunction with the patient's previous examination.,The thickness of pleural effusions reaches 1.5 cm on the right and 2 cm on the left. A small amount of pleural effusion is observed in the posterobasal sections of both lungs.,No relevant findings.,No relevant findings.,No relevant findings.,No relevant findings.,No relevant findings.,"[Lung]: The thickness of pleural effusions reaches 1.5 cm on the right and 2 cm on the left. A small amount of pleural effusion is observed in the posterobasal sections of both lungs.
[Airways]: No relevant findings.
[Mediastinum]: No relevant findings.
[Heart]: No relevant findings.
[Musculoskeletal]: No relevant findings.
[Abdomen]: No relevant findings."
/workspace/5.Lung/MedRegion-CT-Public/dataset/sample_dataset/train_fixed/train_10005/train_10005_a/train_10005_a_1.nii.gz,train_10005_a_1.nii.gz,"Pericardial effusion-thickening was not observed. Pleural effusion-thickening was not detected. When examined in the lung parenchyma window; Subpleural millimetric nonspecific nodules are observed at the apical level of the left lung upper lobe and the right lung lower lobe superior. No nodular lesions were detected in both lung parenchyma. Vertebral corpus heights are preserved. Upper abdominal organs were included in the study partially and were evaluated as suboptimal. Thoracic aorta diameter is normal. Paraseptal emphysematous changes are observed in both lungs, more prominently at the apical levels. No enlarged lymph nodes in prevascular, pre-paratracheal, subcarinal or bilateral hilar-axillary pathological dimensions were detected. Bone structures in the study area are natural. Trachea, both main bronchi are open. Mediastinal main vascular structures, heart contour, size are normal. A few calcific foci are observed in the right kidney mid-pelvicalyxal structures. Thoracic esophageal calibration was normal and no significant tumoral wall thickening was detected.","Subpleural millimetric nonspecific nodules are observed at the apical level of the left lung upper lobe and the right lung lower lobe superior. Paraseptal emphysematous changes are observed in both lungs, more prominently at the apical levels.",Trachea and both main bronchi are open.,"Mediastinal main vascular structures, heart contour and size are normal. No enlarged lymph nodes in prevascular, pre-paratracheal, subcarinal or bilateral hilar-axillary pathological dimensions are detected.","Mediastinal main vascular structures, heart contour and size are normal.",Bone structures in the study area are natural.,Upper abdominal organs are included in the study partially and are evaluated as suboptimal. A few calcific foci are observed in the right kidney mid-pelvic calyx structures.,"[Lung]: Subpleural millimetric nonspecific nodules are observed at the apical level of the left lung upper lobe and the right lung lower lobe superior. Paraseptal emphysematous changes are observed in both lungs, more prominently at the apical levels.
[Airways]: Trachea and both main bronchi are open.
[Mediastinum]: Mediastinal main vascular structures, heart contour and size are normal. No enlarged lymph nodes in prevascular, pre-paratracheal, subcarinal or bilateral hilar-axillary pathological dimensions are detected.
[Heart]: Mediastinal main vascular structures, heart contour and size are normal.
[Musculoskeletal]: Bone structures in the study area are natural.
[Abdomen]: Upper abdominal organs are included in the study partially and are evaluated as suboptimal. A few calcific foci are observed in the right kidney mid-pelvic calyx structures."
/workspace/5.Lung/MedRegion-CT-Public/dataset/sample_dataset/train_fixed/train_10006/train_10006_a/train_10006_a_1.nii.gz,train_10006_a_1.nii.gz,"Calibration of other mediastinal vascular structures, heart contour, size are normal. In the examination made in the lung parenchyma window; No active infiltration or mass lesion was detected in both lungs. No lymph node in pathological size and appearance was observed in the mediastinum. There are calcific atheromatous plaques in the aorta and left coronary artery. There are minimal emphysematous changes. No pathological increase in wall thickness was observed in the thoracic esophagus. No pericardial or pleural effusion was detected. No lytic-destructive lesion was detected in the bone structures within the image. There are degenerative changes. Trachea, both main bronchi are open and no occlusive pathology is detected.",No active infiltration or mass lesion is detected in both lungs. There are minimal emphysematous changes. No pericardial or pleural effusion is detected.,"Trachea and both main bronchi are open, and no occlusive pathology is detected.","Calibration of other mediastinal vascular structures, heart contour, size are normal. No lymph node in pathological size and appearance is observed in the mediastinum. No pathological increase in wall thickness is observed in the thoracic esophagus.","Calibration of other mediastinal vascular structures, heart contour, size are normal. There are calcific atheromatous plaques in the aorta and left coronary artery. No pericardial or pleural effusion is detected.",No lytic-destructive lesion is detected in the bone structures within the image. There are degenerative changes.,No relevant findings.,"[Lung]: No active infiltration or mass lesion is detected in both lungs. There are minimal emphysematous changes. No pericardial or pleural effusion is detected.
[Airways]: Trachea and both main bronchi are open, and no occlusive pathology is detected.
[Mediastinum]: Calibration of other mediastinal vascular structures, heart contour, size are normal. No lymph node in pathological size and appearance is observed in the mediastinum. No pathological increase in wall thickness is observed in the thoracic esophagus.
[Heart]: Calibration of other mediastinal vascular structures, heart contour, size are normal. There are calcific atheromatous plaques in the aorta and left coronary artery. No pericardial or pleural effusion is detected.
[Musculoskeletal]: No lytic-destructive lesion is detected in the bone structures within the image. There are degenerative changes.
[Abdomen]: No relevant findings."
